energy_usage,renewable_pct,recycling_pct,green_investments,green_score
106.18101782710437,18.513292883861965,26.170568373590598,336678.7941102401,49.00289451732691
192.60714596148742,54.190094737835814,24.697879907199983,398544.0171984948,45.072164061138
159.79909127171078,87.29458358764083,90.62545805210367,125983.48149745699,67.71536831245405
139.7987726295555,73.22248864095612,24.95461998495061,312812.1757038925,57.133986847055546
73.40279606636548,80.65611478614497,27.1949726128631,286301.2455887306,71.98982928586585
73.3991780504304,65.87833667107174,75.93982624179637,416582.3580173473,88.69473116464172
58.71254182522992,69.22765645178525,44.973984245054,453137.443180149,85.17485600301325
179.92642186624028,84.91956515653193,77.67105569551812,7066.228967216017,53.145213330727756
140.16725176148134,24.966800885918595,6.536615756438524,337335.93961033755,38.28437162092774
156.21088666940682,48.942496364314046,48.75711936733843,26866.063760744782,39.41101057365162
53.08767414437037,22.120944181960223,3.3613600183282633,274880.4738736006,50.77118012489251
195.48647782429916,98.7668007996647,6.265320345535452,144528.7317927954,39.63877736833999
174.86639612006326,94.40593396866133,90.64374533444109,154081.52316154845,68.2457007249955
81.85086660174142,3.94268113685059,13.924537111759516,177126.29322272594,37.846306815371044
77.2737450810651,70.55751725156884,53.24206822752171,311024.93207575544,77.23637323130191
77.51067647801507,92.52483174156659,41.10956026007065,167690.93286871584,72.97272894832396
95.63633644393066,18.057534512733355,34.73433262588427,366616.82624454994,55.041134165026655
128.71346474483568,56.79452305526295,89.98333456872724,202859.16540136098,68.43362260829798
114.79175279631737,91.54882975880419,2.18233967754895,35108.24695466935,46.91641261937594
93.68437102970628,3.394597858579884,66.37896861755891,392096.16139956954,61.80000380687886
141.77793420835692,69.742026724684,96.33944342135504,143593.4039717603,68.64852440072833
70.92407909780627,29.734900737255078,56.016818346184195,216950.67292003206,62.38823355147213
93.82169728028272,92.43961953765304,93.68224620330918,343036.49772772886,94.22404515261857
104.95427649405376,97.10582451653677,5.225787928602377,166895.62241720728,58.05340955559136
118.41049763255539,94.42664891134339,41.87933190741614,29236.242417211095,58.67150683997734
167.77639420895204,47.42142166574638,26.015779096205115,187586.602459394,37.85521150976474
79.95106732375396,86.20426509893134,73.08209649807299,472279.8427644574,95.40968715257338
127.13516576204174,84.45493985350704,98.12970904972467,321225.46425198053,85.4096347311602
138.86218532930639,31.910047324325564,25.65300624442478,336068.09518493625,46.29988376401064
56.96756190799966,82.89154741506773,65.41746014740745,316508.7946651823,88.92462962040173
141.13172778521576,3.700763471549262,19.809763275974014,100297.07734075896,23.84166633425178
75.57861855309373,59.6269878482053,56.53302545716099,209748.59818703777,70.21971019034302
59.75773894779193,23.000883728770305,46.39324866883362,375718.9593832958,67.65263989888759
192.33283058799998,12.056688577727881,97.2005329631537,51585.075879026415,36.8898541386158
194.8448049611839,7.695320162920916,60.85272726964666,139648.53526876643,28.577880000971813
171.25960221746917,69.62887758781397,34.950637208681876,138883.23512446095,44.06609575167797
95.6920653760056,33.98749637680661,11.409578488793336,216577.4448696585,45.30958162796179
64.65081710095758,72.47667715287615,15.124682873493455,490204.00173015037,77.86044467422688
152.63495397682354,6.535634079894237,22.53169299512351,34683.770795227145,19.927395866901975
116.0228740609402,31.529033783061035,25.0966661340298,259831.79619591692,46.77472497273506
68.30573522671682,53.949129237533725,85.06160578411378,90502.97632409302,72.56722227735554
124.27653651669053,79.07231648389636,56.12227882825249,485367.5961594623,79.97145109827966
55.15827816728276,31.875250293206992,52.33909113743665,57538.44885900464,57.10956923868677
186.39806031181732,62.58913764370091,11.476887186921747,202396.90017843404,35.060040395745034
88.81699724000254,88.5977748236187,86.0139693349435,369204.6074324685,93.08035417119157
149.3783426530973,61.58631881823046,72.28143032084837,352572.6595856952,67.91328919038895
96.75666141341165,23.295947475363377,6.766836190000158,211941.58981007218,40.264582307430345
128.0102031766716,2.440078155653802,70.78350972297687,173915.5598084064,45.0608137186752
132.00654190149194,87.00988739009298,54.353821734264606,199408.57689788242,65.97823320190301
77.72816832882906,2.126941085038714,8.172534574677826,132873.855316161,34.1879017979572
195.4376941646838,87.47016726841994,45.830064152865646,103461.1364146931,46.07558741418357
166.2699235041672,52.8937134027212,48.469628713004695,242036.8090818861,49.25685838797864
190.92484123462836,93.90676985128962,16.577454016327575,134998.34427773606,41.71021612724629
184.22410256414733,79.87832357736654,94.56981470002823,144443.37078372782,62.71178950957536
139.68499682166276,99.79341105333374,84.99753714806619,328721.275673804,83.93634887977763
188.2811352534675,35.071181545171015,66.90223373291083,484300.12851824623,57.150803958643365
63.273875307787925,76.71882889311269,46.22955610006072,302214.9630791282,79.34048859035084
79.39742936287178,40.193091360924214,41.17655415845085,39412.75406541817,50.502045486509076
56.78409333658071,47.98756203039088,65.09734671509541,38716.22331317942,64.50446512198872
98.79954961448965,62.75054632183701,54.543186940690546,475760.1872019374,79.2162194159572
108.3015934534223,87.36771141863387,6.227310588188562,149348.10436335948,53.88559312953025
90.70235476608438,98.40834691992951,51.25026487703317,46941.42605515524,69.10418388862969
174.3106263727894,76.82734138645182,80.64036172328395,299923.2489880404,67.37434810776487
103.51299900403839,41.77667821673337,45.923987759695805,312200.7403668428,61.217637010463214
92.14017645310712,42.13570022770702,5.195657755426842,324603.90523922537,52.00156736628
131.40441247373727,73.75823015888915,78.6278199384033,134433.61190091312,66.15661312948593
71.1386337462144,23.877714576830233,20.13637821359744,8540.231423023042,39.40351265903658
170.32954711310595,11.047411313139467,25.862083488803876,482542.6693577815,41.134072485850886
61.182596551965624,35.462215764077655,16.47063534322959,126195.62979986014,49.653117511792054
198.03304049007758,28.723899165408174,33.02150648714976,338337.1177382212,35.83386948466293
165.8367153944986,29.630812045599008,75.6751505688635,353608.3050694761,56.10486095891283
79.80735223012586,23.360775104990992,51.93858595039374,305393.70112266333,61.898022926723414
50.828317568540356,4.209318963636188,20.488127415071254,157140.78971261045,45.10060988553469
172.31921426822512,1.787393473341381,87.78300781520409,136277.0306282688,39.221129064332054
156.02860157714258,98.77223897360315,87.95818549515292,299236.47306864883,79.77523067863075
159.3510752061481,42.77731337358623,87.05784250460069,433181.72117223404,68.73941778083817
165.69055200289188,38.432664715968166,23.87962113815393,473420.1307327744,49.22658189229698
61.106697760113555,67.96472826930699,45.12393441809881,53846.99639747506,64.39760907407279
103.76985928164089,21.825388786506416,98.49896561408751,78259.47768626221,59.25630834816311
67.38035892876945,94.99611839502253,77.20124763099903,472423.39313275676,100.0
179.46551388133904,78.6345014415552,2.716742122555982,368531.0789390615,46.938824239918624
143.4947190241337,8.94110023122595,6.5204591260492055,441613.91859005677,38.02021993185865
99.63470372789737,41.75807757849284,46.39313768123328,102113.68443353624,51.624108054015174
59.53375254290354,87.91183075621647,90.92202058615601,294205.3496835915,96.45367237831061
96.64734825734934,94.47320222914102,53.870179795271426,350868.65761431935,82.71697783656984
98.77749830401206,46.74015112498697,49.781250803429025,340375.83083803934,66.21971245962436
159.4409267507096,61.34113892107077,10.547369995663058,204667.69374248237,39.911752012002346
145.63362070328196,16.70339460920752,65.6780104724294,8682.050953962931,36.021799931532826
183.08191138644898,99.11686261369765,82.21031606002255,291880.1023453273,72.37577644209263
120.83223877429239,23.16717013834434,38.04200075075623,127297.66805062476,40.56118691440293
67.93913689074526,94.27317741351257,77.56118509253275,225676.86882530228,89.24632481492966
156.98671808344926,64.96466489923685,96.44766539008116,478832.9265268248,80.96800179644679
164.11775729253463,60.773679487885914,20.376645912768907,200118.62350357493,41.527477336868266
134.19157963542443,51.26885110165086,52.33296311947413,420061.00172554894,65.24527842553006
165.64507699318415,23.06698117177587,28.713795808457554,95081.76226887632,27.15930580887701
124.06933945465862,17.652803200550828,79.28544190338394,336557.78851448937,61.09549506597317
128.40992440729912,22.048620907017536,57.75933658811575,488526.4702650328,62.6867258803318
114.13115275378244,18.643826214425452,63.45824175503038,51844.65733559546,44.396622706860036
53.81286901161428,77.95844735667534,79.79141596158941,5151.651171368814,76.819967751725
66.18371404899567,35.01252591667301,39.59704726624549,217357.81352367456,60.01401982126014
54.714377853010134,5.784267656339637,91.50900684070432,47220.11604263223,60.60611258064277
145.46156168956708,96.91026301408114,53.302886724614,374443.79048843944,74.6938221081171
97.15339716144899,88.37858849634257,15.7954822835348,457359.7832604309,74.68953096469497
126.28560367470541,92.77522831952129,69.58991181688025,217576.46538167066,74.3312445750629
186.13497108891394,99.49078226464353,79.32613504382545,130097.10943556504,62.92293644653615
87.39383437233124,17.38952492194873,31.67616770675267,217767.25618429828,48.12930372335909
111.55743845534445,39.62420189026587,85.7179256998753,362000.4611071505,73.391173641331
163.3326707814573,75.82384757040913,90.61432547657664,5518.026628605118,57.540819089234525
84.31972482374337,69.60206180537922,27.690448737780894,295137.5407528639,67.08068523584255
61.54698647431895,15.389590633985506,98.3521472715222,307032.55075880216,77.16475161472863
93.46271793706521,81.58331249906178,14.071152804875842,319206.43520107184,65.96411776382183
74.18319308810067,22.444057183666068,20.201566840248997,121769.01791045773,44.04549948507728
189.45464785138597,22.38176148226231,18.422483923802613,357312.30896568525,32.215959499826546
171.21805693466254,53.69744228934136,89.39897100078704,46604.35167955643,51.015530184083836
145.0105634765635,59.293993484170315,65.42925523249619,100435.8978969336,53.436656814533926
180.71908852815767,58.00862078378112,15.210428322227287,438857.5532805865,47.76477469020031
170.55081153486717,9.148683739775487,44.032341836834895,369622.85221255664,40.32528797663751
77.98550883290537,87.74608626303804,61.529802506980204,7859.031451661281,69.57861643700745
183.88384977349668,26.560004258870606,8.34640849893833,124939.7539245303,19.94214156886986
130.9013362873476,12.951492128280417,88.24163684073388,107988.83501358911,49.57711318391422
171.11602327460938,88.87480798689772,80.36035354415351,136132.3576904493,63.35396168891596
184.41369498852399,95.56514982297534,50.52067735766382,124532.32536966332,53.16962542497012
97.70052124577958,86.21276172654507,96.71266152591704,32200.621575680023,76.94755380536671
66.50778867915152,80.95160747248781,41.77609792750997,230011.31778181336,75.0173197732597
84.19027438129126,65.52419806390218,98.41103190364979,366634.0039182964,90.67421430992216
114.06616829393845,55.08573706091393,66.79199988036271,303759.13063400076,68.93804395529534
172.702214888374,8.698675991141014,63.467127325394145,336762.9626304418,43.94744614880784
179.10958748845152,40.845321307069874,16.5954895295785,41493.44008958334,23.484997757783376
51.04281957967861,37.2688517012314,88.1927758304644,475793.8643782168,91.21961756248385
126.61209538663486,25.97537837603262,42.74896879206152,419407.4250876694,56.26525632748474
112.61165047231685,72.3420113688585,16.223340578247935,402740.0689293357,64.18427893613534
83.31617157060954,49.58757350787708,1.260751997575904,411668.91871584195,59.174709273306085
67.97980510005242,8.104621590764793,55.975568363838256,466422.5435582479,68.94922314428283
100.6422757105442,22.018320194981133,52.739962212267635,272582.72909073514,55.92816603460255
191.43645558687788,68.32587636595959,71.93536223691585,100940.72691594533,48.838116809284315
98.48043980311328,7.613085949030019,89.02580530178021,308775.02031841804,64.73433043054132
127.81859326150492,85.12069140487687,7.9406584643029525,371697.86534030153,60.93957957546804
155.45284383427668,49.51465270139743,73.14964903403623,369220.77928365866,64.1697607179577
104.5444403568941,48.0586577326648,18.741194409758222,261203.06305927318,52.19122072431175
195.7673124081441,59.24077846595176,85.8177053157164,35160.90094745545,46.1221277002444
194.3670942413167,82.46809659251491,81.90635138616561,186185.35627663377,59.74818335917251
87.76734437380463,34.780920790219305,54.07937549855444,460462.5376232153,72.12774689303195
124.58727588385781,67.80161525590636,71.02427986233116,292640.0059689556,71.36231365714747
95.13174647251546,56.5731963995791,31.43501131837484,269627.639684601,60.85749500511314
92.72607415662014,26.70282701694213,47.116789893281464,135157.90367671457,50.35856542557878
55.53304210317992,87.8629986355158,82.16368977104716,184856.01103837288,89.14419865325155
141.4346500969845,79.74260216069281,45.92651971732139,447777.69848743145,71.80269146837892
125.40185348432922,65.84518346584255,35.77982653254418,333565.060715891,62.08538533844472
57.7218126874984,85.05817290942419,49.421244725029986,393906.1263494141,88.49476907030727
91.7969696354917,86.72942009598023,82.82492524372184,227718.3661107599,83.89282798035028
186.23988289499806,70.83629767150347,33.520804737087275,315493.3625086228,49.833822269008756
85.93428360004586,83.7013328363672,17.37615931357438,124943.42076286055,59.38356196311633
71.73423081368347,69.74714616692836,71.20140203307808,353024.9543114597,85.58896601283823
123.41791404163445,68.01407717603004,82.59782127080818,214373.06551796533,71.21864000162284
197.8475681165901,61.86113782151843,10.063747852353334,221830.21189255803,33.09946267347141
86.30829072672506,75.27166395576413,23.98741127559447,325011.83996386395,68.76665642225576
150.8203321108818,15.86051052930737,14.19719897609939,468204.0301129944,42.26344793509539
164.24294229930763,88.08707591989284,34.79414115821666,32939.16695770184,45.66273501145641
85.64563159885995,87.1843527745232,45.035097890541266,412546.8754361568,83.1640526515552
159.23245229177894,2.9247283034559146,74.88263369633064,146899.17209568436,38.840676746364394
105.16746990788798,82.58167505647627,65.11475848816741,222515.80779868254,74.40122647174962
144.84587458903692,12.886986747344519,62.092856747843115,11934.75105872947,34.12151568368538
145.0294566141342,33.51188542591419,35.23749466096544,151221.9928393222,39.180022345203156
130.36620261121377,74.35082562916078,84.144755308476,251812.99007243512,74.06608326267003
63.54346550816125,16.07598960483082,47.128716739816454,29031.862596372066,47.704311931580534
175.2953743383857,81.79670241190622,97.91049380151546,246056.76896219942,71.15592244445934
98.11700974576038,83.21341779577419,63.41421382957368,463628.20380035526,87.54629772847005
77.97777655997814,50.746773376083624,12.626474156450273,53591.21583579481,46.09597973955428
56.11627123321459,0.638587171683358,67.6177562075434,382455.92330967664,68.37644493260893
138.63394147823627,28.703813317491278,32.5104015431699,205425.85563462033,40.908768944282116
151.63465427634236,61.69269183757422,68.63271966860974,327931.6835476447,65.16727677396895
52.48817433917842,98.11861780274235,6.964114816240574,130858.06239462945,67.57008803759068
126.81395874489215,63.18135270166684,17.48814371759594,80586.63900813779,42.867389127207296
83.97436627969068,25.98035810641598,85.57372589057863,81070.84452134199,60.72489416922735
146.77591856141748,63.40057030996113,22.71795570235149,36175.48087592918,38.28914813520675
76.15496435074871,53.99853797158555,83.704112524294,93637.70574572026,70.76168756590013
153.6406607153699,77.98453951511436,27.927608845441043,332445.4731094952,57.667786020567405
108.01030194508061,10.698063882695841,64.28819100587077,440963.6153099105,62.941996843049395
190.50949831051017,76.1027902502028,69.4150573509831,407248.7171099897,65.91589047375322
70.62814162189899,54.12665786761103,51.265475314505295,342882.02062736754,74.63611266162349
101.15995265753878,96.29920038589947,30.531067669673128,56105.499842140234,60.62236487727103
67.02102818608836,34.187216603868606,21.264437637109612,145304.53570167898,50.49651742015974
188.7040427417844,63.26218931339481,3.318935456242622,155593.630785912,30.013210421829953
181.60090300714714,93.20281055100175,30.39464012407238,125728.516252413,47.04548041371346
88.69124415727333,10.250972799067926,65.3162790531283,257987.82419515183,57.8313179339618
148.99760690512687,93.72284872364511,93.83048184484826,268241.3536249566,79.87854547077048
172.58333003018237,68.78857223008133,87.1204482263052,179086.10161038398,61.21034521139868
133.28012173991937,6.78370591051719,76.60647765353026,177540.79020948158,47.23807023170444
129.44758675340097,30.096356694681624,78.84473432532987,414449.2433551346,67.51527212307998
86.27784363506775,70.81720886452815,66.49849034759953,394857.1313115231,83.68199760220091
63.96541517088488,6.73506014687717,26.0286857566003,154590.1200086921,44.76554673730087
184.58236369299902,58.217046017627325,90.71950307058299,456980.4334927564,70.6135136625011
185.06270857449957,34.588305695295674,67.0732311905834,476454.6934842505,57.308654025076336
144.9652185909902,62.091551776747714,56.04406309804399,164044.52847299038,54.64986716788899
100.8544686573051,4.5742033812512854,11.098946921348107,177858.04944773437,33.42395383170552
102.38143619189913,87.15368061523763,44.70555438064254,253311.44255755746,71.74705538826208
158.8933518305359,97.3488969177397,46.03582712019263,470619.2854543031,74.76771111798767
184.56653899288656,96.88778552856915,86.45636095226699,438283.39713801345,80.0041060025742
183.0629636397676,74.96518317429248,54.66482201877885,52181.41332921131,44.885479496428445
166.98133187864357,13.008624013063198,38.04005489704097,196972.6408924367,31.766969341924373
146.30474692314317,75.82631959290225,97.68003285106593,277132.2236851361,76.64756753281863
62.62099474925732,2.458691645880151,11.072059332631568,252063.1038032185,44.13818153386298
74.24430711419207,2.2123551528997254,42.25484283119446,97737.67090050945,43.378181517415314
184.78312827906188,32.36102191495412,4.202467517140529,429549.5688129092,35.48989961446148
140.9643589489385,48.864319040466576,73.99041207669303,338793.4507154218,65.60322008113127
51.37955774249445,77.04074178077931,91.80765521991506,419116.27905104996,100.0
65.22073142990482,68.32953766065052,28.003732955048942,429523.3753953866,77.3320036684982
149.52526536620837,44.590270637674834,85.83416767991208,374429.57097920415,67.94375697099461
50.759237576932804,27.362666628166586,29.221823046189776,220166.09002360894,57.8318038881008
74.1212077126248,99.71245001577111,91.07701616439152,305662.83075269684,97.69573984915868
132.31006840498793,42.6181302235973,75.3961903596784,81022.33765375183,52.99339937667271
153.78427965390398,45.13870243296755,80.49067768414386,337149.06331997894,63.78941127035157
147.79418892539007,16.362382119166917,1.80065556004545,90447.37461390109,20.412442249380753
83.64039641908397,79.48095487499293,96.2810357074026,347280.84566456825,93.36456017413028
156.82688320213038,69.36822257814886,72.66709920703232,115569.48221623036,57.02369400593979
85.58736312452001,22.07696127887604,30.47510953861333,59658.09877495977,41.631053559090795
98.80995472389016,8.238104561584269,82.9394664858847,83476.96058133576,51.76512839852944
161.9737107677036,68.0499302074713,28.152119841492997,1994.0754743160637,36.56557663486437
147.44493485708222,65.45112142811352,87.2753839566128,359651.06930891157,74.31151810944704
177.3835115741267,27.32595269982093,11.258039041193701,366468.12348013115,34.42190138148561
148.6419338450515,95.08635622504103,70.36859774607957,257951.74160671647,72.8056865026617
135.24629050032075,15.105789178090024,54.069847664491036,81520.03772663647,37.77943483904199
64.05121517421387,43.23348010426019,9.653447019544082,42693.614417834186,45.19051582319022
105.15737045891503,94.36159201675989,24.189382825883897,10545.354252206218,55.061086073620444
89.78035515225882,41.97273169261223,1.240403627731479,83708.34030564514,39.1932865809336
86.59844650686253,63.85259476640856,46.876796546450585,445536.9119565902,78.17597369031475
195.95158321286684,39.75943979627943,30.126526076000037,121526.8840091392,27.85181731956743
108.96465870001407,27.421520234867003,59.83574842977588,177781.3922813906,53.27331847345958
183.806983276567,98.39776479598282,29.72378077086172,53567.39675618526,44.35343685254922
144.67079389958943,40.9334006315043,29.99191115069847,111958.29106933698,37.941349308209794
169.22169553124726,89.40992036791344,74.31931987316034,260093.06081932236,68.2790860070388
125.39556396577882,22.995460589108617,4.814283597835345,304268.5888647306,38.47723990616396
136.53558269395387,21.31047040250833,90.28949951919873,123430.80476893931,52.34441467616831
123.87765407282959,3.113408288451136,85.22638743911814,29808.34745333349,43.216825276371544
79.28644816970667,65.1666825375885,66.78046832264066,196125.40169457192,73.53312570885602
158.3678172892258,36.852634372376116,59.32215701073843,117867.48209224074,43.072248061701245
92.11585436612836,86.4358249839637,89.23024981396523,110557.40769167116,79.80452195073657
53.647394964718075,47.32099066915572,18.533017952871443,479971.5385540142,73.02530052136524
146.82084438607518,96.81934279147217,7.896916219082861,308533.9424769363,57.47740594979829
76.56660191105735,18.552551570312115,23.95101699095381,278882.3431428759,51.3818673433121
191.06878765293715,86.86231679556109,79.45782787001903,208471.77665813765,62.105874701993486
193.0892865503881,77.65968527917417,3.4670266726483323,215043.222381642,36.47231739455123
187.22965853306727,77.0921844644052,58.280683508348964,270911.59691520233,56.71150853097291
105.52380503831665,84.47832281168877,99.54375161913099,348518.4737110175,91.52778500713347
52.31849247933012,76.10239909429988,85.56960938375394,351370.9019947329,95.60644914728675
189.2477843881588,62.62203216314154,52.14456890435895,86675.25994501934,40.91418643986935
114.22762224759715,13.124487768238758,6.364090928664234,250556.26328623685,35.52886232386331
194.99822285655043,3.2526179491251916,83.13735143857099,206567.08942201687,37.24570071609961
194.54299656338793,92.08478478156869,59.89785081772106,435392.9561684227,68.45583917553047
177.951418320104,61.665031452073805,11.493299705956684,316078.0416879698,42.161117767786834
94.16733381043785,79.65372909761763,9.38572848233562,266719.5291415749,61.21434696897715
107.76465929028879,48.152235151255006,90.96268194365923,58581.926447279766,63.1106395927805
177.67050072752852,11.730818896239448,66.92002629380784,303213.3067723823,43.221818750127596
97.53830077344165,12.518579220255043,82.92867993167555,59484.74893443648,52.10075503761267
75.42391200291388,68.55652872289714,87.89789002822673,169266.0812073103,80.3148472851199
133.52018936875254,43.030589489946266,57.17723520483222,72278.1404423516,46.97221655680062
190.42321612411715,20.052472670033673,51.74463517550413,346344.7498651601,40.77172662209591
154.40446950124596,49.15945467414369,43.042741032099016,103919.80480424015,41.97575505183563
135.50917551340473,6.420893707513409,31.69465877911193,196537.82722082498,34.159722004347906
64.57647406561529,58.19714019143988,43.459596085871176,447941.71403177053,79.97881177165878
142.25108400487545,26.899340443509768,77.38796557301563,102953.87531608618,47.98366876978683
198.50807751563949,79.75591006371882,60.19234310151316,254394.72691543077,55.002596792213225
71.01260228547861,31.036195892357377,89.2523289954846,210216.55892184496,72.39486495534912
127.74944785456051,45.52201490818012,44.33800143791877,10043.896481819136,41.910310157008524
181.60596078919332,1.1620539908100636,60.7089578718754,396586.2986728336,42.06942633460865
161.11529266313067,7.244688779455888,63.130755309198875,35453.90725098526,30.66227005651956
154.5523611492902,39.24935564066848,59.16971623063255,237653.25546749984,50.49791210490726
155.37261259806638,47.99388347171235,70.26337730855164,280778.469174536,58.44157917319272
103.92367268296327,60.00205481193037,23.74334683748063,314584.8018506789,60.0681260507646
94.03877663967401,29.166257870930323,51.23637775457907,344627.1830246299,62.54439451094951
171.40417332177702,69.49818861265426,10.422480280834767,127382.91937783483,36.06451197258305
171.5170092018771,86.01223971892045,38.45113276448126,5979.409552566237,43.33458038227341
180.06084778701555,77.98509888933498,48.76670686212644,361998.38751510106,60.11329154379037
186.9860828834707,3.9618825348357145,65.22242595454725,268292.6430744417,36.77270812384283
126.70135982914067,48.0506947257829,95.05310525862035,418222.7339004171,78.5020047245137
125.22744420307994,10.493017841817487,60.06510665483559,410872.7930874464,56.66558816275225
169.74427684501626,24.204501586252746,74.35939161765597,421819.7577261537,56.71130047847705
147.49458961666477,98.66625932671465,50.626605949520275,243062.23532979054,67.44205342602704
155.2950315886555,14.249554290151323,63.41040313763313,167480.56952259596,40.613009386734035
169.36890041541517,49.888815345135605,7.093221613377343,395987.5430930936,43.02020815912553
183.50080127263493,61.81557343181191,25.439158084184697,226195.76240159821,40.78604732035191
100.69927352773037,70.2464970544104,36.185309320513866,92537.65600531382,56.416570007196896
106.3374428959916,55.96486834869141,47.249335500651355,427632.0357611757,71.0783743636633
64.09729097613035,0.9770847419183659,4.564874550238374,441397.3785094013,50.91299851789102
136.74202114942608,32.64613082439919,14.002409755331769,233688.56831394488,38.33058635973131
55.39134106951131,51.771164338471145,27.68143077913058,38774.16392758395,54.696218517757444
119.83970271986902,8.786649914483336,97.15326909010507,194525.2188685487,57.54029610083015
131.39669520613649,35.06269312091808,33.134700710305076,401965.2920718391,54.27814371173161
92.98118781924266,3.3203108791366565,48.20410581120825,450985.2402445681,59.41034945548334
138.62498908535161,7.857849715502074,19.609771273839293,102532.89850630032,25.641933405047105
54.57503749085741,39.69232762015961,61.07800710757682,34419.83240061049,61.03708454017997
55.60222831238217,13.271575404306034,28.068321551597432,438797.8761132865,63.22141722995893
173.39008409894873,56.75408482615582,20.699257843842677,195313.06455045877,38.32363920873274
104.02859621168943,68.94649691372658,51.65726284459791,271338.72116951406,68.94234474363518
69.05907689778272,80.05866991090829,0.5505799160420821,484064.8402133287,74.574201579195
128.33648900822067,20.01502442448101,0.7664032649225327,34215.799229197204,22.27792046663679
165.49903296479164,16.748258225906977,21.906880910185777,324510.6857185957,34.72226943379928
82.37315412452648,10.456784033440025,3.672136250082114,37978.60586485867,29.662975553394283
143.43357137285005,63.64302495436367,10.802575413069137,188358.9953047837,43.06491560089901
62.8021197490652,70.64757264869012,33.88606493387516,402103.45805152995,78.90484022753304
57.75225817529115,3.1586144825642037,80.25856795798128,217302.64414506155,64.3398353043585
129.7031947352222,93.62122462436898,57.204864336930086,498593.99459757225,84.2368874712239
131.09526824151598,5.1971283651472415,51.26677259564164,279970.5831883545,44.718645799351194
145.61448522473097,54.12963353010704,29.348882320812166,161259.9141653408,43.98365341859661
158.91370005839923,70.90605194509165,93.17537194328163,110835.55162647182,62.98346473615573
196.37781191938018,87.09691237460856,39.70150412371917,175909.74660879475,47.55944989606202
127.4450522451793,71.40869321324278,8.70927667957715,186894.10360601585,47.89108569911092
98.44347094118689,80.17280830697918,61.70665161178013,35288.125184256525,64.63955004660323
169.27792921530556,33.94501925428061,11.38383934766014,185417.52551395982,29.013948013219107
90.62483768931114,81.48251137465122,34.52231428016921,232655.02134987325,68.30923122607756
115.84571310584542,8.011484638467515,50.74119387178089,361646.13836716354,52.53896785026362
61.76845720133989,89.48166560605276,87.42225246851758,328708.0128760824,97.15288462590725
53.80261151231863,54.75923761537362,49.35465803401187,354674.061959348,78.20734949031932
194.39726220168876,81.72977699624937,70.22587660316643,5173.477256551692,46.965917502314575
175.39701807683088,45.23182845183001,99.28168389990704,109616.03239068748,53.75545170968931
154.3961309140547,64.35776951965249,13.148911989798162,331180.4599115284,48.93180126560067
111.34294166214048,52.640266093611324,27.47315255195195,242510.6947216938,53.89097199732558
75.99414801062687,73.15895217553319,39.45760755976464,3651.424358504627,58.7687095363892
73.4655564006629,8.162998203058958,42.18281785388314,402442.82657347934,60.53277486562401
87.5364347246893,6.03520839905638,41.102107526554576,386631.9770718784,55.96550668633935
132.3839997059181,24.710323401014644,90.76110025565549,274661.16233378777,61.89768527250682
157.18938840500937,15.954468011318834,71.40326444668564,34165.19956235979,36.477702034517456
149.0296065076597,87.17835665922017,60.79052140907037,383491.0097167597,73.7592926047932
91.99008454189143,21.92139873580443,30.93727178627821,292273.0802779506,52.07323826214404
193.2297920994791,97.58652558191314,82.37903842212947,391198.0286018216,74.90361221140805
160.68453750436527,33.68957917711069,95.5060511484989,376121.7492055244,65.42786905708604
133.15310787671012,18.211791568869927,82.11982825502265,401698.03390696074,63.55376606717378
141.75811193515284,78.96985071424791,0.15651051914729042,259486.02513590778,48.360587239783385
112.94000936416849,65.87077755008761,63.6401370183407,71021.93457856397,59.816369226622996
87.15964842517363,49.8195716453139,5.1135381442100725,335907.57921646466,55.84338221264569
103.39590179768925,55.53635509376312,25.760722033372186,310616.41874093335,59.240763715649415
163.67691656965536,71.92017782722638,5.952470034777169,371384.3404123445,49.195628065287224
52.15902329446338,22.845474133129873,60.37954529493877,85770.62201931691,58.82423227049376
67.41089607603743,99.63339160567419,68.65899134926067,98292.62475024431,81.92016690878519
56.90039630326291,97.4793162146783,11.448763806590511,445314.3490924449,83.56406220035032
56.10932034784552,65.03256863469369,38.38388830449795,375238.9214275833,78.56501908356755
178.3190876016511,19.954245092914512,45.6236508955542,454206.0158614611,46.71985206928345
155.54867890700353,68.02282424312914,36.90530217609166,379598.9452607964,59.34864940740535
121.12607436309878,7.219840897917584,12.102500048519305,298980.49768916063,36.52051229576934
64.67512409765023,3.0652502205806065,41.89477901874754,327412.235776909,56.92359574111386
123.74238126752485,25.76828885112137,75.11780478084181,444674.83404606493,67.75109353838724
121.02076561708485,46.26229567393163,7.100766453325546,289824.5705014583,46.295994039833104
75.98028048650228,86.82725054083805,8.018001408190345,316563.2708398653,69.08568302940132
115.07774738569596,72.7169069766308,35.47712918359842,79081.88128579668,53.396755435219404
109.775710159606,74.2706521199981,94.1725711618925,237486.68883793525,80.45215939454275
142.37751470783246,42.54933344480754,66.85726467229141,358482.1588670914,62.27058443691776
145.26404763014656,34.59349925469629,67.86699566725648,136200.40645986635,48.49535927354983
56.795601465806676,37.10387629846027,36.1919990837865,101924.83608174292,55.72588412559985
106.19189219397069,98.76495637360578,59.36607912085384,157599.57730398336,74.08091107474291
143.87898735713546,4.010919141248248,1.0131184027743378,121508.81336842389,18.80685446020088
125.47043878701315,86.70314961224486,63.60960464095422,108241.40588116153,65.41180881261518
178.47347617824835,57.86754085723934,91.32869475762368,213000.57059117538,59.714203978368005
148.80404474284177,43.86154191895905,61.25734683448192,454011.41842788353,64.47542859885812
74.44016406221445,72.52576604151365,87.3698593466345,254022.7637226204,85.78179299013257
60.58531211006448,48.666894142470284,72.39730554660937,94772.27002684619,68.94081098605332
146.36289173094735,87.34232380816606,12.055841640369025,39408.86302105616,42.517314439423856
53.976696581243274,90.07018640112585,90.24533072858418,348381.9164238247,100.0
137.8663371910195,42.17209268734554,6.644384435577488,192016.5834537575,36.672504871360886
191.03453621374365,27.682779723505156,53.39674725477638,411093.64234609425,46.67163296804044
136.32112668138183,59.23503285933622,14.213712379345766,330095.8735517443,51.275191912915446
108.22548893097829,91.2363345616691,1.1706610730904066,398324.48382014286,65.99322509523934
146.49323276635297,21.066218900566657,42.2034260127639,136701.07366980592,36.51730060421887
118.73793357372749,62.296658356348274,29.504070765415623,346487.102308068,61.11698713718707
131.84251839739022,63.156022009252055,48.6000493797603,132766.93036216567,53.796664255333944
191.21972131647877,73.3113022415281,57.71998867345508,469595.1712456955,64.54520157348398
107.91539567011614,13.15676851272598,4.373907230894735,318550.7664851538,39.60366191332068
194.17858457358713,71.58249646820886,12.300329512374564,162931.3882874957,34.47570029383239
185.80259629340955,90.9032520665641,55.86423964504254,135486.41928384404,53.64404921899228
79.36867021839447,17.968310887024195,34.316735317265824,96272.36595075011,44.625398115145614
60.40419513127482,23.754332492387764,72.9173487549448,347625.8384879702,74.30195727234332
65.116700206614,97.13950940416396,65.22916485919397,110139.09088596572,81.19421678198286
52.73327384773246,18.097695270948975,84.56043629899068,298056.32969781704,75.15360118632626
64.16644411338926,85.4385093369579,69.24928266692253,133052.87843575331,80.22569270027394
152.45101601245352,49.227785644803475,42.99310773901481,331322.50345214043,53.7421899852618
60.678297269034346,24.723107440317705,67.29666223944324,407654.92454172904,75.85301767720787
97.8463445440642,87.07499012725114,27.538117425541852,389234.5963291819,74.27639317348417
176.73129664541818,44.53052550026655,30.63134987782127,380664.81413446006,46.23554399106571
53.49079036037388,51.48173539296902,78.89851599207933,94673.48044043378,73.14959136546142
172.17027238834038,35.92333693997657,44.64195164015822,45104.08854527483,31.9907365236361
92.27821621600998,59.29508514349274,79.83803405183525,349775.4654152054,80.77306578615668
67.72472414324844,16.352387258502276,82.24223736682784,184805.2596833813,65.27370554311841
154.5105748046226,39.10815366517607,85.75623376612837,216740.7669752703,57.394239617230326
144.3414270169826,96.94123223352875,91.66352358412072,16543.39730390214,68.54031120709342
181.62080202905796,25.813343270112753,43.098522051329624,130528.64818824954,30.8758316000336
160.26065657058285,65.67366645412922,31.886681832113883,17804.525533357548,38.106199448424235
170.5221395577273,32.51900642246949,58.21987465941139,439713.7005280226,55.10292143941993
92.30518588569598,77.34731256866006,37.117242343762754,122454.94492604671,62.001076542889976
76.61593156695842,13.087366071834982,60.1074166800233,279111.24761693104,60.59081089301235
162.59221274612875,96.98210450785447,70.55858626438246,20450.681009904074,58.766298732940534
171.0252108900896,45.37895413836392,68.84050184921368,333756.84826152335,56.748637031331526
198.575771300101,23.605046334646396,37.45528870201213,162190.64553129283,26.712478527542004
111.89265153671397,7.349674733001265,16.68602016987528,449061.6742918752,47.28526187811393
105.80271286891747,16.975790508754073,43.05293384622075,444170.97627808386,59.056623546613146
166.46194411129954,51.977394855601766,14.259414408190874,163320.01856251215,34.74465488500349
101.12053103795267,33.70031764312863,89.00970351838083,450579.48694954347,79.11787448833948
189.6135988405347,82.88833658826094,34.58774607378574,498082.6790758906,62.22423898430159
178.76191277645177,43.08875236618059,15.445974722332378,412882.4163978501,42.452156391156045
114.34910410625275,24.871427258762992,2.5447759905750877,422590.80252985924,46.484580280043836
162.6306601687246,61.714498660403,64.58223862864843,125255.35931843586,51.625657118892306
163.18143111270234,70.67772168854458,63.69023174547432,288774.4970300204,62.11282465916622
65.4685803253899,16.704190790094987,34.060416658129164,34560.70106971656,43.86370122287509
185.382936001935,16.761921628831765,7.171188884765101,48364.05047401319,12.521548477392717
125.78785586717858,3.667142693354297,40.9628894895232,499447.413404612,53.203809151658135
173.96861991616123,73.64020150656405,31.12174950633936,163992.98546352956,44.83451059381525
98.00744015459176,66.38045276218051,67.71206397350093,374343.77211237437,79.3434555954048
184.32848427443008,47.46308757498139,60.57792494526903,403525.8614603814,55.722899974208175
108.38025181012446,84.41704489691972,36.459372819754,429153.6122326074,76.04455556460759
51.625647722044754,80.56701529500532,21.78925542549901,498816.5204036761,85.32257769192614
185.80729646288955,58.535436439675216,98.80359661555919,121506.74614317705,56.11558793115126
63.69300151792004,86.82712805132586,45.40016211961149,21135.062602990154,67.9863398778467
97.89704563856223,20.584121003676824,68.82742357802371,206184.5674792984,57.55328262076264
192.50929505762073,11.191961939772789,14.055296757836079,65910.25424464453,12.367831309990741
192.5910720406334,26.974961151698963,48.55896996593978,12190.518691865507,24.751490861758217
136.0156832184929,5.708685608931486,2.7536719869465487,180852.98674360156,24.378219972244906
144.77558182546989,53.1169528001032,50.545511791044994,392085.387286543,61.747892376577624
117.26682829674796,93.66056922949615,96.40174071177023,283524.1649213104,87.74153556909583
93.98161575470968,3.9343540668509647,38.420671298580025,157076.21661596667,41.76399528948569
99.2996818054874,12.21099140100268,3.8996012574911587,327516.66074086714,41.34907447349403
150.87776841155576,45.21990282834353,3.095579091934353,116777.07197409654,30.15794449247704
162.856179415652,93.38750175279048,38.798675994686946,8176.341589970427,47.493434520611345
168.73685655887726,31.61561049767505,16.002493646319405,382412.33983177727,39.65867692301175
168.4427214191831,50.723480868839246,2.335209632818591,312247.79934714054,37.84145283401776
63.680915457303556,4.15728590503921,75.62136139501769,381389.00962597906,70.26686157985532
124.16304570538722,14.834320096208886,45.85230088818907,20430.07032714514,34.3948806705992
58.63381400249664,98.66301229588468,28.924477197265453,418722.69428749545,87.48561876182048
132.42933234856034,96.51186964360456,90.00831830164807,310143.57381811534,84.97736860476948
116.22957520600656,0.49399809344096157,11.613896020052561,282134.2800056074,34.493167193127114
183.15562741374495,95.18117854232389,95.59188289553192,312682.41000915127,76.23491344906532
102.6372518828118,63.91199378155004,31.396671737735282,432352.1901873137,69.68275878858893
67.56005246414088,86.79182945200222,88.84036723086813,293881.31677289464,93.87171435067766
71.44875230792537,45.47398556338591,60.294287647946156,290894.2395642015,71.98544348002461
164.22659475762083,51.55960285792502,82.67073597414874,495348.89937581716,72.19122766688882
142.73270949743915,48.88465802569202,98.40131632104642,378608.35336721543,74.56966807289447
65.16840141841854,66.68642575461044,28.840543781874572,221704.6089201165,66.70964102326762
62.616020917249614,13.96512547563129,96.1135485407593,353991.1030164309,78.1999531722888
155.14536971886798,2.9973589872677953,38.94818949024204,195226.00537420245,31.315890868189477
60.91445095462903,30.79299415911909,38.55119047369223,115208.855779266,54.380807987880885
173.27900889355345,70.46807627366466,34.03871042545057,298829.08656699193,51.63768855937347
155.93633407347443,20.185345212294838,54.14076073475852,464162.86695886176,54.31870831736421
62.202317096284965,67.34324333249174,15.41450431784871,464640.62048771593,75.61889190023095
62.72565711277879,96.99120461072704,55.37114853580112,171610.73377463967,81.74411121013468
197.99593677517632,9.39007157894184,54.1704812410004,264311.0556446258,32.6845312731787
106.14061936341804,67.26021182251263,76.190181260487,106606.31338636074,67.13730972153432
105.59632206003363,44.375021930457116,83.36499619375856,497819.92363994283,82.09373720725512
171.91993508862538,86.81422543775054,44.044135031242405,490577.8360260999,69.4024129242778
192.08728660757882,17.71497894473859,30.233324935149376,325104.95592401625,32.22228163865144
197.90015957343064,69.26259522261645,25.933489731709447,402402.61577905924,49.09892436056461
163.00672778884126,83.81152896481102,19.462383670487192,357834.98048056633,56.27257725684953
106.43893782963737,94.46142194740233,5.764758219902488,296985.9513006946,63.6293640492987
62.52510750480032,68.32480282896458,34.244797883471335,27620.65049745995,59.64689123764371
166.5720373891155,49.71747640084273,27.024769213078326,227927.40693377788,41.10463655304211
133.76063746037076,61.78472402012139,96.64173858664074,337718.36478153785,77.66172952903139
113.63330138704644,86.89049844787182,55.77088262500439,339088.27532795863,77.0261678108515
185.9531577642104,57.060974663882966,34.72770390305075,187188.1865927694,39.70538134687651
66.6796223459227,3.038705969683686,58.0467600993696,470904.30134235724,68.53493041864931
123.89376564362887,93.09486955069778,13.91967013456955,84511.15908615373,51.55116673116212
51.70304671511286,68.95267510315611,44.40437492022029,250679.36366156474,76.2004738470686
120.29909629911894,67.65133857772466,62.62343214210638,345751.1042988606,72.31016717106856
58.4454913522756,21.567515239771716,48.889783179245136,348870.7671400128,66.89162961225057
67.82268744021079,65.88854702326572,40.177880065432426,324670.839427639,74.48893260994923
67.62893701656573,39.386440565415846,99.38483888996981,138368.81851247823,75.02403735892646
147.38154531740952,65.12329770414921,88.0314762148927,78947.07777462437,60.41747700096189
161.9067318898135,10.659303030799073,62.34059581594401,318334.2230865287,45.43533443038666
137.50531476457394,65.7845304603036,56.93773611822828,300051.75595357944,64.31820481832375
194.32588227118129,99.94137257706666,62.06604798245841,90498.64913433125,54.261982170337824
106.23058692855561,4.821203886055603,20.131210782243325,352864.4336397111,43.882828696764115
92.8568129422791,97.71741842213173,39.51377432643186,228130.82387509456,74.00453642986798
180.28986922841904,40.690796072287064,3.945953289089932,334212.5352099733,34.04367772322796
83.5393757779179,87.07534503372591,47.554603748682666,418846.17280530516,84.62341811940425
194.4833809160917,78.23854840582734,54.302458395766315,85694.48585988466,45.15035015025399
51.82317120347245,56.70162609866678,22.77497361032096,10553.289130421503,54.00601012852291
195.48182400614584,73.84492092513266,96.40288471655137,389772.1906114976,71.46658642185092
56.473986792586416,87.8515561301348,90.9454610937242,305239.01515115536,97.60625856619819
183.67146705471066,40.4140321651033,72.21432354559059,350120.1452414387,54.56022056433797
129.15516636294498,32.70331615632387,53.33866287653626,419239.33251933265,60.94352706323567
198.94471941789504,66.75933855635847,86.99691596476849,401602.6564774258,66.41806529663037
61.06948471030983,80.78459419412586,13.065234382346292,480499.1533174835,79.96600929675387
133.07814266019813,76.22851347766158,79.0509794274885,268431.604347207,73.38979955686574
195.39538034286485,79.78136488586345,12.48208139668483,244759.32069729277,40.83792385105615
128.46467662552232,43.5583314812933,79.42106625494054,201541.7127454743,61.277969633039405
144.40979572028937,81.78342161750216,27.576756825135696,77691.83037925807,47.81068590769639
154.36230334769257,12.020905537060845,87.7090581018189,286731.0092081292,53.38307888253186
118.18115971516599,54.448909796084955,94.40420938253979,139229.2496386634,67.98116629248739
144.13371201260952,0.575866049812157,14.879596940511563,460732.44859427476,38.84651892428895
137.64714678846502,32.45858299002703,46.267560506539354,292012.2113342717,50.689024257990496
185.17370157364834,36.646153487139784,98.09873781626851,296827.25007354695,58.23008957997017
56.81695705121868,39.61726916092554,48.34074359731466,178107.405777628,63.92938270610972
92.14447843883454,69.54672066898621,86.35475225145451,26942.686636876035,69.6886805202091
192.56172261148382,38.85581012703457,58.87315221313199,16840.13892112132,31.64835112580927
183.53956758363745,44.86936226225306,37.53299079196019,212244.23693244555,38.62500424615877
118.34851291785694,23.754413087432745,28.57835555258702,43198.12367052169,34.19003419196063
143.0198896702305,37.325179162934006,20.322309108608728,303816.63081452943,43.88110008814319
91.6071774471699,22.726962726315147,76.17981913776973,440605.52981418907,73.38087556050094
78.2181739585642,7.319592376844364,38.65405068230279,441574.4934428424,60.22718279817343
119.55476074099732,60.34485933813779,51.12754622007512,329863.65965598397,66.02395250206361
103.00283420390792,66.82127985550163,49.23254800011819,106404.68390499258,59.53581571115399
137.5484167776308,61.94903460096145,57.727902923313124,431635.4188480772,69.97516884416008
61.66019554474772,46.34940438005724,86.55771456245522,443160.62422129087,89.69812778486873
196.15922114992497,37.978578017922985,98.07393435834294,99130.1388915264,46.5404164274711
197.93161167194043,86.33336495718252,40.758420857381694,368975.61679956794,56.98999424995958
154.72425710296176,51.908178513621806,82.7518922106303,143973.25491463434,56.651832542415
130.41445495161804,47.9181877629731,76.45277946547176,401517.5158641119,71.30427497141545
96.42914244294917,2.5642065806435688,57.352895145557326,498621.7120518977,63.62038763186533
172.0692529560423,34.12478276261564,95.60471436119332,15982.976659367014,45.30414737890258
152.7096758830819,38.019561878585705,20.04745155284028,448785.567029675,49.31744720429516
74.3925409017337,39.88227808969005,10.92642103096214,311692.63626573037,55.94873336913544
186.63907767407636,58.017236922733225,85.39619669554222,486717.9269632458,70.03211089882966
173.38058643847535,53.360254672687844,43.91498166337483,233039.7492456874,46.1584410754081
192.4699869937886,60.79050927934446,84.69688542070605,423846.5773551155,66.34454987901321
158.857926258254,76.48832615421283,89.30902051954149,32134.64023054034,59.57435076200251
142.01227939036846,81.29857387160935,6.245759361907144,168304.24598906958,46.27605639143473
112.73645544359283,71.81230762264944,88.34647629860606,34441.25233785377,67.22240670455078
189.909272503102,95.55236959549347,44.831905536942216,487696.2236060562,68.51823921941312
179.90958342506124,1.823258267636163,51.04324890042322,408669.9797286465,40.31153445183789
56.782800515928415,19.57779856835461,62.659251109321026,426421.16320173925,74.63561296020397
53.9550461745878,0.756287497814212,92.63826067300867,469044.6504855132,80.67958774060497
106.46950503170744,64.7474714154603,1.911609442976403,43466.63957377289,40.87715522987816
171.58299961727494,89.8030548949987,47.68434683178171,193413.19866415334,56.6002805277868
198.09141939724168,24.34822965762993,68.77220424305607,36446.40963295706,30.140166772405315
72.56253366552923,92.70345447963066,72.27069576982285,106185.75767346428,80.28902622540343
139.11960730282027,6.026739028956085,69.2532431537108,115453.5227417985,40.53274933132594
107.13362849465324,93.44360268055144,13.443512940812186,235084.49831274175,62.39363390311553
195.48715967219047,35.16226872396344,29.93955883716812,135012.52155936765,27.18374241186976
176.31783847035632,10.142082844921651,35.87155254170135,51388.07530206279,21.109926687018778
175.74930570667067,48.58717591863256,80.4437207679505,84578.05345795974,47.78831053753877
120.30397396924555,25.677656772050796,27.875987241455302,74490.50621249338,35.72982372082739
112.22292535064977,28.487290196192284,21.070496386720315,486565.3221582369,56.751017012655666
91.01106078960593,30.728996492628657,95.74480190380962,379886.96095231833,78.73427540862622
58.456324497639066,80.30258978326634,0.88632851134689,483912.97116951144,76.86105914733173
179.708356438258,53.91612766752545,99.78208556819781,220430.50276744636,61.1893178214377
171.93515136951163,31.130769915600364,67.68212988573956,139905.87234966565,42.252133283982936
199.95765099291958,61.03337833109184,82.84692994491171,399348.3054073842,63.13997755458635
199.4955255610858,71.61506742231936,29.461939634619316,163800.70510253226,38.61403225999105
133.31475584039413,27.262400073353376,1.4315277667059978,150392.3034789688,29.464842357887427
165.34811227707658,41.354910152535155,73.78695185615301,117020.49011170777,47.32396065277652
191.7148594823642,12.188609333694755,83.41445970006758,65709.81013389345,33.623439320350535
177.44710860161172,18.11493495346803,74.04761319535191,128975.06744736622,38.608096096691945
87.10221526147964,68.11178539649828,14.285028730083859,178304.55448846996,56.21382891010221
117.58162029651403,18.143834769562694,75.34279222569691,337323.1098647195,61.395819532511055
69.37391227272425,52.516338366706016,76.8922782107641,32219.856267506337,66.55879533207151
193.10765408880835,70.90462617224327,65.85405156700548,106042.96289300613,47.70822064866326
140.926195167632,10.687692309474384,76.61159327955862,404702.79650554655,58.23968646846083
84.2964208255194,56.73122196289035,84.59214396777321,74314.03986830161,69.25342760751028
150.7551026608785,25.656278370136377,61.360411423745845,171979.92811473826,44.55298281172588
142.71923606868438,96.29268752375798,8.860471396967906,432464.8020072119,64.62534056284147
103.72440770492608,48.35456467199247,48.76278096672109,78307.73026057788,52.30570866365774
67.03363882994435,80.59925497751581,7.764933467160507,42285.68097347676,55.21681281608787
150.73597933891995,55.022654215626176,40.75430310324308,242784.4595449254,50.72511430512306
128.046155135569,4.341253285481916,40.71064891256276,151907.33612798966,35.50170643869909
165.8477587603459,63.31513755940223,6.600984414024158,282140.7738774432,41.9123235338309
128.024525166799,95.14033422066571,34.88205339694793,402098.6403512541,73.506743269487
177.827225047781,60.16118201463312,11.099809879131485,69437.09558821884,29.28470733798412
132.78602581617284,81.91888594267903,80.82352100092221,290768.8431925882,76.80395907947522
134.14069573030793,88.42064633484078,94.76880259644707,253248.8714345421,80.79113910505188
181.49804039875175,22.807977194893247,7.231647525793861,72895.31422058659,16.357045047485112
110.52242993185956,21.204483990822666,95.51152072917014,312375.2442789622,68.52907764357404
70.1022842675961,61.09809888509917,52.25765993367452,137546.56851252506,66.86359921773914
54.31740144700085,41.10284698067047,29.95656779538739,244429.32495346223,62.6758103910903
163.27058835104285,83.98613028667204,7.686207527616351,42053.88981425388,36.95027816479064
143.04643270301972,90.00231233980112,50.06242680704178,230332.44454959792,64.92675743092882
155.61196521488353,35.34213793027181,79.45155444907486,153925.27055336733,51.011978198495655
81.94462422633661,23.687055897448207,70.70864772666981,411368.22438149183,72.49819746104268
70.45572133801546,78.05255152438619,5.022601146397376,29432.38477168677,52.30302077221632
52.18169985018229,27.48060355481361,7.290183536790352,209885.03018424663,50.48914766665707
102.58813382098955,82.26143185136785,40.28732826326371,229757.28064158757,67.73486530227095
138.48765302819496,42.37382536487628,29.52904940479433,362778.0320732602,52.0122334289252
108.83660676495984,66.75498992914704,23.238432305604782,287569.4999700153,59.60918031593435
115.62123830355937,9.553531383466819,28.10044989087136,333938.95625989634,44.8688945345844
185.62380417406226,62.3859324676573,80.34827432968846,388747.5935402263,65.1328808814026
102.23832005349504,45.17676787372291,92.92280536318539,431239.2838554362,82.5441721531453
127.09842337397161,58.66084631754741,40.510269452756646,157623.87286451278,52.21284369952252
167.54795191117148,16.801420774486342,90.61110021324971,269473.32997658756,52.1878324129159
109.48141734819052,73.68737449441821,32.1495701247882,420213.9311411607,70.86549647318185
143.313005034181,86.27970775432286,47.64369863437916,494736.11435156316,76.25122662735257
179.35455631201177,21.673980009077564,22.602899781599973,444870.1362108378,39.655659485342795
192.42809354864633,9.571455552016172,64.0476042175844,186362.16404956402,32.918207423629106
72.06102213935569,2.3638586046336396,97.89811151748088,98388.09209210656,60.585791213368545
188.98814377422417,64.1971500443266,60.34930960433786,245206.87616588778,51.8266529480489
123.81744396193073,60.70940360887808,35.78140841135489,371079.0844661851,62.737709036992996
88.73665824484375,54.669741271407005,64.78174459905284,246791.9663058955,70.42771242746399
118.8703634357392,23.194709611597542,12.292067846538757,242107.2507935206,38.977323089969076
197.00488629282157,39.09059959055147,88.86590802653987,419276.9801198185,59.949824032554005
123.89271409893044,59.4476335186173,50.30839507798363,181340.485754526,57.21529004692049
99.31274154312624,49.67668588591694,44.93497420396421,430037.54273101117,70.02282685488966
145.01012814750885,98.77855202148874,58.58647884535192,203995.59567491006,68.40726341429593
86.02184281672896,13.643975255673313,62.47838627894025,164788.31973349137,53.87175588371285
61.379499216299585,69.51445540475937,7.177580622651303,227540.9656886498,62.10875924939578
69.33195828659738,40.431876810429216,68.26172212234025,381461.03237875935,77.81473964144932
69.20687584366587,42.819961492561475,24.193168031552958,63875.01190413315,49.45631428370781
72.78540402684415,71.75977656581762,71.39526325065899,99013.18872013668,73.34009057558097
70.82407589741152,69.24361513243696,82.25347943841967,475770.96800588287,95.07286159206883
146.13121172048218,99.12559937021884,80.39585075525203,88570.32206329732,69.05870879670968
77.28201265987173,12.839428945412523,55.25009674078891,284295.93164759624,59.1852517562659
101.85009249857947,10.410964938416633,52.016989231075115,290077.918864307,52.86226369434698
184.51826148590177,72.43388171287411,14.287596133941172,245322.60656307216,41.37892138501783
121.09424603943086,57.83869170064091,77.53461504031355,322727.87903983245,72.52953676639179
150.13366077815408,27.416066655980586,27.140938044671437,115683.5361730116,32.12454606321537
75.84798068024448,7.9419368988986605,49.669542281794655,276778.47162059735,55.952771199188966
78.84335282130061,8.565824959643054,28.42740929275167,186714.45436820167,44.66502242986838
56.13029243997183,89.41908746641182,13.382836299969314,331171.96255496534,76.17311676966824
75.34025946082468,19.18673247187429,62.95576968917366,71470.54814320158,53.14822616330952
91.78855085479378,32.33715621155208,5.4332034822903825,285867.83100289863,47.266789287338916
76.55157264151202,22.6656402226988,74.86452341262,93449.90733627853,58.621229929107166
63.305380063558346,35.49963058319373,31.758679526111667,140042.88849440316,54.518561444800106
68.09538066509012,6.942384274609337,0.013469300448532007,110136.19036146803,33.97448945757274
119.11681520490886,51.90597909082704,51.11291392372298,92236.05215453974,51.694107471110215
80.95005776086887,6.76125635922149,4.6851908527603126,413029.7648287728,47.89541085285941
104.64047915721132,80.03565078223616,27.616955782089946,143568.07626278428,58.546089950994784
125.51259062822854,23.3712081910433,70.69764874557161,463634.7671503602,66.29987731285678
153.5592242944048,54.00119146045106,6.268962162186586,484993.33614725026,51.61886803527284
55.89682097616484,88.00790875614582,83.93384923560023,286058.9744986116,94.70611192722143
169.9115598363564,65.08773690471942,0.3819922658583108,72357.56021019748,29.276484794411918
144.18505842363618,53.29577865513353,24.682386920190226,187899.57344641106,43.95141666019044
62.26385479233079,32.43337531153756,74.09040561520715,399068.3994107588,79.4577832900952
181.03679361601658,33.300191305819794,31.627014972930677,184327.97361983816,32.487201841413736
188.130860079772,66.94869551981901,10.189238806601352,44421.591933091586,27.73628787862629
59.161693978229565,99.41393612211675,36.02339188004279,278835.6705531658,82.74064313266024
91.53164722208055,66.18391898493786,27.039328638452552,422715.3048965213,70.79641008742709
170.9301919689592,55.77834173700249,84.27119021605549,398167.2671846077,67.73718455135594
162.23895355754877,73.06505102392461,31.334791758514314,88386.44692504627,43.291484469474234
77.6781529034566,46.52056122837182,78.89324717760073,336709.5425918209,78.92398907069148
81.40239850050655,6.0142342600785215,89.18721448107347,111031.62745438791,57.83153629496368
105.5708154187073,56.22968158779098,43.381741957652956,109885.55974153394,54.26354196696842
122.6784477786532,95.76252845053801,90.9943143854392,437161.8148792874,93.34945403902688
142.73821572954438,17.530294235765965,37.73180539631929,125584.80741737485,34.31022711458544
105.33704593546585,69.00048908206658,96.40784164901082,132360.42591248758,75.17311132785443
119.38020741997218,20.093368865905646,8.928952452557294,1326.041989888478,24.896957011038875
162.12064072006348,53.582768447308126,68.70192665032427,435463.84802863334,66.03447278670869
55.50248043358968,9.667644964671961,49.38140404569287,396504.8117913582,66.43945920595942
87.86554165160311,45.037093625818514,38.76488054556471,314037.13861024834,63.26934085160676
157.00243788268287,75.61633288952461,63.27118787486009,375382.6162054823,69.03489946305294
184.2810256530799,34.757152423898205,70.38570916343312,76872.2351448214,38.530265102824494
126.75161631734991,66.4911724487218,0.43632696503090873,229703.47369920014,46.21310024561584
129.81702278979736,79.54499607897291,16.69530887471987,176258.47428704167,51.72161064250045
66.07580170096641,92.71778194794527,71.30460506343186,47794.48660225123,78.3812800933324
117.1118550235182,23.464208185545353,66.63854135782064,243579.1121222471,55.787409464418516
129.89258996825347,39.931591580930814,96.60475051286772,460449.08552097506,78.00483891053761
86.37057554520945,15.241601333041743,76.1037790250783,20989.500406296545,51.178974018708956
90.38648464240714,99.24835021583752,95.0772707731338,146438.99583340314,87.54233915988013
106.5926244656934,92.70009679242953,70.25405015348069,104562.92716664603,72.79586554896669
53.01067966665896,53.99571302805596,29.805220863944314,119835.18017918247,60.52990324322741
98.31187483747675,84.20332943764213,10.536492225085647,454308.84138780826,71.4750136007134
81.7172010494817,52.09579772720422,78.18238633449356,234566.45806291077,74.46833791175852
99.1246028266872,62.35856880027597,64.4149221475916,233683.4070569696,69.89129707187132
67.96431977288768,8.912443211601662,4.818601239329623,380527.2455851859,49.55281165996115
183.57909211098425,75.52704204968079,36.005046590097834,78091.60979845798,40.64838865965964
139.0388680331073,12.771348363523483,95.67998154842861,244145.41169592534,56.93489595176044
151.86534787167344,82.60676302525283,50.04011457102012,215562.6218464088,60.199124796867636
168.37568579110075,78.20280876703859,43.272913601970465,298858.4345827814,57.71050128162164
124.76632983935859,70.87446977429764,45.7699605159294,499779.29392196884,75.02902781529484
63.03804321311355,3.6160380524762115,20.88827240051637,384954.9981469415,53.99143440062214
130.56598127278215,30.31283559453286,36.87071708647952,199534.98580569617,44.0186188400321
138.02616770313188,26.311256991084285,36.98132559871766,413948.9730847494,52.07998989055169
161.81592112764952,36.01364074715191,5.2355020187472405,86183.4732929276,24.320732268886225
114.7489319344519,8.764274676383854,76.75676285179182,16201.379468171102,43.51659384497088
69.13704541933456,93.69578230310628,41.6504431903879,103019.73785967226,71.92744545716495
92.56638586980867,55.38022407123763,82.21798868164232,170865.36650101558,71.30945497695302
104.46234445979526,30.552431065802356,85.03480011198954,255779.79797232038,66.57269035999454
146.88758619974018,39.698151707428345,21.199405469865805,307949.4411300587,44.289221969743146
135.61674570033676,44.72025405048357,65.73534821701286,455392.25288999645,68.7829441846814
103.41450888467693,60.05943333606173,47.22818041629817,255417.15076567838,64.2742398870565
197.97728731894696,51.567942769649775,88.0156737921485,251136.54666823897,54.83645483816204
140.86622290353307,91.93919732144174,21.57406791764541,26071.261901668084,47.184298086102935
85.58401876039918,49.696348290583025,67.78132003100443,18420.86477545568,59.04753998316919
65.26737089306056,99.21580148233127,60.775212225272256,276028.82099626964,88.74527098348244
72.9288708776498,85.14249577450957,29.53014775718328,219651.12801092392,70.79857528452409
86.89365925767622,20.85105143573358,13.660090365117261,419751.017095169,53.96216154347846
74.10220598893335,93.05952146439162,65.16397604772766,81179.11277121074,76.70556369440965
77.98505360769586,11.636639788547608,73.85974581323308,13460.85939640775,50.72494792881542
92.76427530407707,81.74497084911916,31.562734376335,225070.34519713282,66.69297376667747
76.00603929421322,38.06232934765801,64.48326040223138,119501.79981937648,61.53755905709299
184.5148136939638,87.79743204450695,39.51309076115032,25757.572296079885,42.578072717708416
62.03506184924633,86.80566901074504,71.32068832826177,362574.54513696686,93.15962208870113
128.67670843553822,80.59254001176211,19.92152748940531,56684.90697866649,47.25312391217591
111.55952404844922,79.00304363070614,89.02150026361744,304551.43050387804,83.32302988380114
197.35679253629095,30.46791390980408,28.74095964655797,141243.8253332777,25.353494826314307
66.80583532520785,8.091928305125219,36.77859877561529,87574.52912715598,44.47871751553838
109.67833985686124,40.29801787651615,5.8091952080349785,190496.00993673943,41.42129645083006
195.42056499130533,17.35245149865087,11.15122123212764,400921.4423352539,29.513060937735183
179.82606888409703,69.49510889024617,51.58619027123281,196654.69487538177,50.19191071539338
172.56081064239197,34.609972653778556,26.75926767279715,375634.0549563168,42.68031271731016
88.68542405674097,97.56102008599149,83.54802257421944,63617.662102776194,79.77651109185388
75.63313810850987,64.0972077345332,1.4693388654953843,386612.9384128745,63.87398327895033
150.29648298866465,82.24805636343609,37.90940486719362,119229.72912841768,51.94942822787687
189.40639836913786,13.252467274184843,33.73455467690927,339019.1718145475,33.16578550222803
133.51443395208946,86.20144822726226,1.9327630917601035,283324.99586565717,53.90362639857168
135.74190342048496,92.27571905133944,12.436839900051023,464643.21388863196,67.49754769575173
91.99686404904263,48.70619188189359,41.36426749186353,194273.9364696817,58.335461825802696
165.42393997879054,60.625293775097745,49.28645844474466,34016.42922838579,41.5895591316139
78.05656228362851,76.48098009029954,40.42897472548691,10558.5872900752,59.989603352513996
98.55188546063656,17.483862726041256,53.093767841209385,413602.4219254038,62.14303317431807
113.81546579246252,50.25660764634424,59.51316749056815,262843.08319305466,63.30999354223395
126.14155680266825,39.86630277723131,0.992382112783563,387846.78186563967,46.4216331997528
86.36145986226204,14.63739921622491,46.409515945350385,117978.37440574582,46.94070129630747
67.22552371088054,36.753442229153144,96.34992408875883,173196.78901110362,75.14574460375266
141.59300636624488,6.817230938549357,51.90322801295487,16021.83223344815,30.0986280238747
93.29458298603836,2.5811906949486985,67.75422674589532,480784.66996248194,66.48094213316963
137.18573321339184,13.516628915482276,31.18638579168832,334266.0854437059,42.68706204165811
73.15440729113035,96.31151115891738,77.39913781527625,466669.3387918938,100.0
122.17101527822263,54.952953589501696,77.2921481876115,133482.70730710708,61.913462842844794
129.8884148827379,96.582216115322,52.129604765413895,306120.34200160473,73.94188038775343
57.77353052336404,43.2497878330132,97.60138232792136,339571.48417802626,87.67921915250886
100.49064172908808,31.181613308525957,12.555021476265338,159457.30042853663,40.99572711104661
70.16220154084614,50.61418628402441,1.6947664889580993,424206.50827279943,62.8705709373655
59.50624557091516,43.95116886329101,77.0158211757096,473633.56998722366,88.07052639687834
198.49403485849177,10.566468426174392,80.71555373648826,442542.7037303062,49.81293486361575
98.35307674620844,64.08263146902063,12.020722912057625,369794.4209937469,61.650112014769135
171.4811668781952,21.60381825095996,26.55828329586061,139454.87518275206,27.12514084754473
88.19609821456459,61.95879548978296,1.755236336662891,141526.40501071024,48.55131015555635
152.22540833358937,65.02010923981534,29.33086107805647,481716.79990257294,61.94604942377232
164.034178983453,15.20248531286481,77.31418739186715,6131.963471910322,35.25476418832451
139.34581109117664,6.134962711066816,51.79605277125789,358308.93664783007,47.425589258853584
120.73642828252376,78.07615860684398,34.80955931682881,353416.8351150758,67.38927147635087
111.77613712209029,45.98004237693202,37.17392949063303,311722.0809339489,58.17706818254891
102.3302399814493,5.816379550547579,0.1353625715468154,495064.31419734604,46.07269035020576
189.4293716371739,99.48663171697672,29.98005275652359,156627.8384460989,48.78552293692026
174.5929111681594,5.778056099636664,64.64587416379305,170645.96003283083,34.740894847038575
194.7540365999769,69.50352288585532,97.41944438163571,40390.76207033122,53.145620963768486
68.64458352283171,98.36789252634136,84.70608269838995,221956.270135325,92.2910893696193
159.63012128054663,23.918010421592562,2.3594964645529126,131263.2145911892,22.520388539293776
190.75106852315568,14.224936868719617,89.85606046748393,172349.96438664445,41.691583715562146
77.18495992484903,12.138493942242889,78.3198413298626,417451.3233375582,72.57307476353975
59.974440105016626,30.327514756759555,78.03761235709804,467806.77225022035,83.90498872566496
161.16809739350884,10.10458110106467,45.79957590035715,93680.80293058763,29.221667768254157
136.1709669769868,69.2161341694132,39.80052929545028,186881.95684517946,54.81490348632066
176.2743165137408,6.229179813006269,30.29157288331926,464386.6504955816,38.920695030928584
70.96585649394342,50.94221281497897,6.569485895436578,31842.421883922092,44.65245940853208
169.29009677898352,99.66968538529768,22.82353634936991,47087.90352757788,45.24434234098246
80.24409800716168,81.39702695060188,24.66036349780246,82232.70361390845,59.88003271378439
74.54839142985568,61.52194382310109,48.40770697102016,298011.2042293105,72.96977716373077
74.63986968964895,30.625362078661166,74.7444406596694,76085.66323199274,60.48725004516901
172.1862080347073,62.389583629163845,47.38098283979466,484070.114343916,62.697434050941894
149.77958310443,52.70414639116516,5.784444944716061,223910.54910200165,38.78618823497845
128.4598137153679,42.60833838903715,95.77898009882038,251257.46221473304,68.38710591402034
103.82457261852537,13.071037674019948,94.27243190941122,124082.64928689784,57.64225881566917
181.58008112196623,88.66042152404667,78.51895431484084,236009.165964932,65.63825482551961
108.8667661133953,44.97846488213225,99.13279015642206,331294.9026858687,78.02476842318066
172.48991592073656,19.462251182076507,54.448233280026294,375837.3913400673,46.4670317214869
115.87023628553277,36.77593508772896,96.27683502532061,377180.1732722466,75.60079244042065
106.54166441373613,41.4129752528927,7.560504061675077,289367.6652343501,47.85209417334061
119.40196785044097,82.75378955668742,36.568074826137135,452275.5277219348,74.52994213085591
95.20668112462131,73.3614380561402,22.538126800676583,408886.5158057486,70.1728590224082
162.14140702643766,76.93048936413398,19.583308413427,378767.0092346141,55.464208389711466
125.40805851387188,1.1031264428647214,14.08029488926761,28747.155318549852,20.91077246279282
84.8319042720226,41.615399817976154,62.241364156599666,4432.1031476050075,54.41225349534848
184.93618599118528,48.13441516353236,78.1321855747305,107011.19132054101,46.24330258926885
107.58368320598171,1.9192276823056686,57.82983994203607,332098.2733628127,53.012897314246814
131.5329291670983,25.98132087450342,14.696270958820968,206187.54695239037,36.20606906419717
185.97081664468203,76.0289823122135,81.11237699334708,201800.72339035655,60.038280632249595
143.6356993870988,13.710970572899905,63.59547071637285,442408.85722657724,56.585235370690924
67.53470610625462,53.531013145259166,38.81657061269955,447885.86121778755,76.59162696702607
190.97481854202127,21.52018720172375,67.4130295536063,454678.4567627393,51.218924156331724
144.15620796071266,1.2120774643893273,25.990497924283286,157625.16018099862,27.21078903350918
100.23584219856292,24.12014575995415,34.51922084942105,345836.85055689164,54.836484070944564
70.8908108995081,97.58737549100537,91.74858431319902,136544.95745591045,89.44987363415522
169.1037783905444,80.15371118829896,29.05045056714204,96114.30670415044,43.74620818373094
143.01091338927702,95.95766443210334,46.99882681579366,93131.59621633725,58.94134450733056
130.01916379644823,48.785404392636245,89.01411373960147,171711.70281093344,63.921607820928344
184.08388745764364,10.973619867750351,70.77213502675275,215548.85227013103,38.484391590328755
168.28958168367961,54.79594889736929,6.220322616470275,415643.63635647914,45.4291469352399
72.75123195991267,45.43773345599609,14.730304427897034,60825.655642883336,46.54144775532957
96.75831016933223,84.4357082739616,0.7841590771916818,367727.9978500522,64.60069806398215
87.27337097216986,9.808258078424458,63.09217902291634,266196.00218046334,57.72525704499144
161.59194388590154,48.82411370217782,44.767342541041835,144684.72599532024,42.9932843955516
55.02986521036691,15.004866469398426,13.427485090227552,246916.97268187947,49.86958105990839
135.48345273069748,32.467592689006,95.79341210567705,150671.0928187343,58.915165533202135
164.36880286110357,73.73570773877996,52.96597239456199,298444.8956639147,60.058988250977606
181.51484551426242,47.601812936876655,24.189329411288917,217488.11750476685,36.10877947683553
101.31226230738612,37.58882851457693,50.06035711547076,83038.35901036048,50.18422117805511
173.18859570080193,39.44762785700353,67.96203327351078,59174.95420329266,40.54392690915854
66.59476054328108,45.94467684059866,7.623921797356448,273801.14535399294,56.44168475042996
176.96784376017774,78.50165438370568,27.4703815047892,451304.10360976565,58.9632471950012
69.12329934979736,89.20846889402344,80.69654908839937,172634.88559228508,85.77858980438162
109.59309358405508,95.53346865039283,45.966487040266124,366767.053504089,78.86972066559113
169.59430486693304,78.6903386255295,54.65771420322949,329672.0161149437,62.569155680988274
72.48761410231606,31.540689574801274,43.28160022094693,465845.902240431,71.2414592302828
84.38770928489623,68.81347060865421,4.389994264300512,410669.5276322713,65.61697398652073
158.33788525895994,43.760312405539196,16.574977982015593,283736.024193826,40.61981127416575
158.00548048191115,25.467062204605117,44.554163874189086,328858.21861881955,45.848182658197004
146.1721449327946,84.08715794259226,20.918546540792782,449294.84682543343,64.73202469972827
154.092266670065,3.8426348962324997,4.997902865967873,200359.87350888047,21.85170167009114
131.40866650213943,90.17619921354235,84.36496640518237,164070.5582230309,74.28414429634108
87.76985883604291,46.147746462473414,98.11925291641158,6394.730733962973,66.04586458315507
101.85439902558792,63.72014768082804,79.31428739967394,413448.98602154065,83.21190002011005
77.23965752021385,65.93539222057827,85.3784921704667,400689.3695012791,89.98070228833468
186.26758420004424,89.51177407065364,24.197713031704538,53122.80453197554,39.51546951729739
137.50876921491806,63.66696821672073,96.06269755131997,288851.8331852174,74.85973754668947
110.12771251454598,61.39335847600618,19.692570445342838,232526.8673852768,53.92657954275935
119.3008705466199,6.665204056068996,95.14298103618323,60235.83865904662,49.69407335130401
192.0925009417723,51.84080219452041,99.4819293965951,490303.54530330107,71.49349655414524
73.00271046741203,15.016900081704165,71.17228057460487,108133.24784421436,56.662874495621026
137.9344748025196,73.74337687214856,98.1143731791822,34549.85586519001,65.6979228481548
125.8833018326699,51.22219208126745,56.95397795671037,297828.8423714529,62.16763276343201
141.71813531519717,68.02277792083532,25.954178317609035,369694.4718893833,58.334183402963035
52.71652757312608,4.167290060238427,43.699588566562085,17189.279577546295,44.67622205229225
180.81858634162273,8.479201604580322,59.35609353787859,329700.10172478406,40.671876360652334
189.81774237254186,71.63233880626822,7.308156202701499,266613.64609977574,39.049282333171334
134.76997753838134,7.208433599867337,62.234326461724606,52529.23942864916,36.50529448223377
154.49762358153384,7.12567277652586,98.11778367622945,87089.41459623467,45.02798294933156
188.37490717659435,1.210847523488745,19.010764978372762,284419.17436072417,22.612461033275792
156.08579514700978,95.65013982994802,79.25951162883833,148882.44914313089,68.69985886539048
72.8808564371392,73.75083594590069,90.78987937796194,469219.5485970067,98.24702073958127
136.443254025022,35.32514085020642,94.37015928202209,409551.37451254134,72.09750796029122
141.00725695742838,29.65355812876552,96.01356044054472,491800.03605031787,74.08868598182329
113.6196006953579,34.97032297458495,52.14596387214719,130575.74863625658,49.939753346760895
160.46663534370842,77.46535311811819,97.73079079915037,484892.09276619053,84.71012074474841
190.1550522153522,66.13706110704143,75.73102071344388,216185.70102598736,55.338699154374524
188.83527693601644,18.519556786746794,16.16714362369619,174411.87886156357,21.359548679007787
117.62590571061982,17.410933533408436,47.690010646797,26124.413957707267,37.31132280982303
66.98570687611328,9.839564971339732,71.8331175372004,27329.863671941708,52.471156560936464
197.72617984435018,66.03027197013381,24.734031581908333,346313.6167173807,44.99973593261164
175.83471296689012,76.43726622217359,64.06151835488873,229506.56822257992,58.45802119086967
68.69940218049003,26.5046428325004,66.66004790466192,114034.29139201675,59.91124135465153
188.12628239260584,2.094496103091281,16.26997438085659,307371.18285629107,23.252643809477746
180.48445430931923,8.217166747642734,56.50853124527563,127176.20100680548,29.679628586351935
127.82570856891081,96.78600348450304,77.16269109786077,289238.24541786686,81.08137893182032
138.69131536173938,29.544477747742025,49.88956645359419,180245.16474436247,45.10420842527111
109.85040558051955,76.92231478381336,1.2103116776107425,411952.5610792977,62.067334876288214
58.2142458233047,62.46635688542638,0.9038469079292177,410527.3842226229,67.89458118447689
100.27958624688515,38.19396396528959,35.702934397001215,239197.84866307827,54.07304469246412
170.4280172897017,20.56872621955551,92.6194068431782,176058.73555817278,48.673773238788414
50.69480345069043,12.138641815940643,22.867677960360876,181917.33848298818,49.45880216690179
100.02487575367164,61.50129680388666,63.43636888716871,403051.5483084407,77.62890197200431
109.7253040386415,77.4633780637788,22.207587069332057,164761.5619160084,56.19430682800538
130.6093404406884,64.39042535411306,32.16699896595486,105320.62747971616,48.111390581868505
187.97834246191408,53.030213324915835,84.8042089601484,43259.48259577811,45.91763232292536
101.95189915489419,4.195122343163627,72.88614422699469,233879.8673213198,54.42799350613465
102.04298028443415,96.84887775943838,9.539927731321063,241583.9173610011,63.58724145839106
160.62518721646225,79.87141916545745,42.87020209864336,420613.44649105065,65.72812126049033
117.83269113347107,29.282203670096475,2.916976364526447,111398.10952658592,31.66312126002196
83.69072344099729,97.99703293588506,48.0890146603009,191114.64556053156,76.64340186868291
117.86592741990401,60.18815896363221,66.24340117010681,404394.46370795177,74.5760057415385
71.12855305696998,58.24226582072465,11.850262359815156,411988.18176373775,67.40145693095484
76.4580479759335,74.8073179429532,28.888493890916568,192920.92691340533,65.4631803006445
124.75516591092196,81.17697880901376,39.783662550215695,230102.88762005378,62.84230360658714
112.83881742568218,65.64786073315027,91.95310246560497,152339.65953379218,72.32950845117975
187.226885160215,12.809574636620003,99.32550154229641,466344.8843312367,59.51239003819376
104.35908486749497,33.82675059944984,4.491129899561585,60203.239105048575,33.63370913145686
137.08825254170654,92.80836403260497,76.1007923495392,466940.96207773354,86.60214451018862
144.83964318792954,22.461561184385193,37.17240664023432,342249.35946583626,46.03472968309176
51.964168488250046,37.21670238375133,39.245818622948,266254.5041906789,65.85864781389374
149.53060580250659,43.2076882944196,75.42649733470228,17296.87133146344,46.54897809480842
76.70539503046271,43.940498969445215,91.84264321454087,238322.49971918215,77.30998863506238
194.16054762041827,61.29395824945255,95.09285945025483,204466.3043963634,58.30725100564673
72.29940916296694,94.30758377447076,57.712258603832076,81448.18717558615,75.21848023967678
112.19361855905356,24.069271183250496,35.71211593005028,328548.3921468278,51.92311202952091
62.80245021179658,12.150137630091805,78.75490858587793,485604.3027767746,78.99123896127033
199.5311377768921,19.747048985993732,25.100138326230027,281532.21672119806,27.62453947434861
125.32925154968639,88.69249002092695,56.40740288335178,357661.884945529,76.34721180862279
139.30775259800657,64.5810812655206,35.85784615248732,35156.77583044238,44.02796649732318
60.06147160826412,28.590678923916013,65.66310737078761,209415.83091268037,66.73463311239227
162.49407055987666,81.59469389686173,24.03989128935069,59062.88409708344,42.144705648742566
81.48583896433786,86.1369996363436,19.159294573482576,306785.12193271867,70.63097656671621
184.70814341610705,84.6514338690278,91.8239086675437,469302.5969488631,79.46610392519321
80.77094607230107,91.89265336395545,10.18036829495369,331227.0885033476,71.02907170837992
78.60315809954999,25.224102017336158,50.595790773493164,39324.721108896345,48.99157227278362
55.48245017721423,75.50419287462783,22.085278296300892,177978.43628755634,67.0792731302136
120.8100417664999,46.053949727414,3.892996332566745,275781.0263409849,44.61112678174349
134.72616998939247,84.19985528900615,3.601881829142639,202200.67031049286,49.505320653090784
59.856295914252854,72.84906771616131,17.522177210582733,416988.361227111,75.98953235652819
166.3291425042516,77.64474464997247,86.67703545060003,407520.8313502846,76.40674709683566
117.99332521220414,65.61618376810715,28.247874397702667,306303.6790315075,59.87573635887749
128.658540399137,17.742876946970686,95.04591705752958,187355.51462121992,57.47270585258368
116.11441204073422,54.502691889693835,58.16222929891936,128412.85050785882,56.99723647383005
110.1144591312989,98.46697395245081,43.66141897687661,53831.28478835153,63.307190291956026
133.94604969623268,93.73880664971189,58.00888346694546,178093.94405979046,67.6397942987402
73.28603688960688,4.317373579701167,51.669838522626776,207173.08608665204,52.49761055710961
77.28921957429067,16.481481572943714,75.87762537573252,338235.63962693274,69.16167015109137
179.26784315202758,13.172877345456191,28.249606597285226,329421.7523244892,33.04426416864137
191.9173193200449,72.59799099852955,35.30503916003024,35983.96168098722,35.78664326760832
105.99639744196294,81.77853298569451,89.40943025332507,198234.39840014774,80.06882940332068
90.61170097153307,21.35113663106719,94.64565131504055,91707.6547414636,61.26207892659889
146.59993148585238,50.5852692951829,89.25582274864745,79249.53995308604,56.59481831363293
111.31012566471446,84.07030280112,41.94479939573136,413823.77271888574,76.2336941620568
53.80795334905173,73.28015447662506,78.03655030068816,21915.693141412507,75.72920542045424
73.42288960492856,54.223720549184826,47.63357333010988,210172.25507515855,66.38122299656062
157.39583432710964,59.03476904587729,49.75398521461022,84933.62422749258,45.40414062409895
148.8385912865227,50.83605469162799,20.468010905728395,439785.77762355853,53.6127903030803
54.06439887552252,29.754845131882057,59.113030325851646,278963.2161242425,69.79564366842773
83.29582428994242,56.50219928590161,18.613589775334795,116458.93755204717,51.6985187379848
84.66121948821072,68.88853020500906,33.15646990671938,251711.21629602183,66.26681695067748
150.78391153980925,87.33229158608077,85.50302016199352,366011.6934918548,79.99439589105317
52.956580663154625,63.629135397924806,20.707580921085523,479100.88645079744,78.66474308561205
65.61628729768607,76.1121537043158,7.115828517343282,111002.55611846405,57.39526501288371
169.9874128059784,16.0071634954573,6.90075926128163,443204.70429254323,35.035129480453165
76.78169930815004,46.15574744197899,94.07845205031079,467217.7529695776,90.0748076345358
147.91191617778122,0.9331619827093296,50.69204379618346,458293.85172150104,48.819871084186644
85.72741715700897,24.667886452162303,40.941207181701834,318071.764074093,58.440832862462095
64.91620891390177,72.64617151130048,81.08785810079185,315280.5065629191,88.9009924289933
86.47582864991811,99.18099513493634,83.5825927910516,202202.10595872757,87.64401594574915
158.34003977834885,9.917809958721591,33.21910331156046,376446.5432695902,40.09539318889435
178.35447021594285,40.14943158612883,69.36180574737952,266115.715157115,50.48826291471969
174.53297968504876,80.00709686991596,77.11228158518865,339041.5975429189,69.18129747666758
109.57752944276822,20.403563462889885,65.46506868659546,214800.49402054894,54.58510845731941
150.21277048559693,55.50849493022862,15.159507480009937,366016.7355575264,49.4586834038285
80.74764431237315,73.30712960296748,87.5883083517057,412411.28728467,92.73966688816083
93.97215953915199,61.5985450260179,53.90945527360087,74071.69204480524,59.56155278429549
184.45037277816797,18.802473461541613,28.24724263700037,416631.9280715398,38.056436677505985
51.95028852661041,35.538456868573945,42.52281854376939,270607.9693633633,66.55872338654909
62.82627962817021,78.37917844853972,3.757109039890738,422488.28863602196,73.2000447526962
81.1829382719041,55.42265141320166,12.786680122241755,216219.5514641663,55.037189379460514
53.97983058107296,0.5229613542912737,76.55467505158609,190141.20220613448,61.83438491585534
77.21531526346959,76.09907600280938,0.0011634755366141114,457615.305526094,70.26777406711459
137.45623414545383,3.531135494023907,41.65658284822922,126333.46450665225,32.38174189891779
113.21368258887469,74.57337827312321,52.251018108558846,422261.9503177854,76.51767991261895
183.90075666154624,20.24805601652374,5.4634420000972295,242526.26568219266,23.059611356786675
172.61653426076612,95.80734801193802,97.30781629723329,257533.6258330786,76.2879237322521
101.2726027546814,36.79407513020845,22.612533124967193,154925.67246325253,45.31374554877904
88.91351501469387,32.69316163380791,30.419871963628086,286948.0581088888,55.498609981736465
106.95386122509004,14.888805033244468,30.39425122550273,163280.38694182943,40.35816397969762
138.54424137722117,30.560421549021488,23.04166621173499,20595.437706584504,29.401549938111938
90.20954612343144,87.66507618282006,0.1473822086311416,136727.30406683366,55.13819349609076
143.6223361773701,99.63343376272474,72.93447940879963,4183.142659888748,63.25506384897773
111.41174782868606,36.83095305068483,96.68454997992853,489199.0387413715,82.23225328051538
132.80707712779702,44.861063095454256,22.429348328504506,482907.857700054,57.77110088663093
115.4189793702975,72.2070938202737,66.30471918034225,198182.49343868022,68.3788726980593
94.16986393128765,88.61957804650746,74.18963269587151,364457.05631548335,88.23164325223033
192.2679960443235,59.304433418678414,84.84253790905247,173557.24310680205,53.46835434479467
164.54086912396411,39.15256981778293,42.262919701360914,335875.48538590205,48.310247300245436
71.01697636496789,41.262184084862376,30.293090564042924,402909.59147994354,67.4086666956752
180.27019638468693,69.56181464968068,32.52951340230311,473431.3661014281,58.24492744372915
123.11467973742705,0.32182636042786816,71.26213330985128,200705.92564898633,46.88754823604765
184.1828340341137,61.95893374598407,81.6779466505636,391865.6934950678,65.84778198689494
169.97828839209728,35.54930104413574,18.161396775660265,133698.29686542728,28.80246651079071
113.78202567038502,79.41973312770843,37.09410081577652,495175.8195930305,76.95653602862001
53.37039624801761,9.299063982313216,90.19401967491501,13859.02978341122,59.86679733673551
90.3016039077419,58.82022669483905,80.66935196947392,302160.87444405933,78.89459653994848
131.24513219913004,48.09728898861238,98.48584027624759,330093.48484401224,74.2305865818326
145.0217329739221,64.23255259052274,75.42482596820807,344334.7329799903,70.10960362183434
88.68315281498035,6.485359448296835,39.319520102792225,61073.40181575542,39.058503393118414
70.90341111092363,57.99837874281313,59.06378339946377,469326.3619530921,84.40428451815295
175.23953551989487,56.14845879595237,66.10142542473203,91410.45624599131,46.197580974525906
197.66032710553282,56.06600944161709,7.845581631712395,311753.94821668067,35.22910931172632
128.85352734540288,60.34876665964548,54.44969591038651,112115.36348241939,54.274601476049995
75.75189287724552,67.64679372263622,70.93208284726096,154300.9920936142,74.13833400020077
90.84609897790534,80.49889996807697,16.732130400106037,273682.81232233404,64.68422993099054
52.758601482120014,26.982072012821433,78.06317174255571,209179.51586372367,71.42082862337531
187.14482098407484,82.5049410180062,58.37727805141116,80952.57488727664,48.88333026837408
67.66266243352118,49.82556822634536,95.22217856975946,86297.2648080033,74.29665479252738
136.47747132713803,7.705827913433117,4.24222982068917,209654.24929323702,26.77163551947093
91.10828310308091,5.85509292439792,26.5326137555467,378884.20615947485,50.43886569134095
133.126700377369,33.42383186960608,60.15538792998241,449084.3587770465,63.902643803255074
147.71305825277963,78.48969771114676,29.65599122059307,42979.70346743204,45.050080202337625
174.46127055608025,70.76809347409157,71.44241640712423,197158.84987214112,57.62884134675574
80.96319076409048,78.86149646724064,75.9005282521931,51022.53629771544,72.78709607789781
51.649374298772074,51.72690564416094,10.251596406647446,9279.647835666345,48.72765814727142
70.5328445103211,44.01989979554906,51.38544642067677,331197.62263933435,71.07491609477024
185.00279627721577,14.745252670628394,50.889055559105586,301622.2715413273,37.7708467905434
181.0835116343773,32.81927536093116,36.92807702155411,82346.53779362822,28.82483027755153
139.61196532554624,43.40193661738753,93.29248625696721,117672.60371343899,58.96956398286912
140.077529065048,8.860042967961723,82.75063198732212,12830.169068614672,40.10920512700629
149.7555011819383,22.061195271121125,69.72093819096368,417638.6556415075,58.465472584313154
76.30569179351744,59.82252940637388,71.43266357349975,487370.6074282272,88.48394990666998
187.16179188874398,73.56631142391899,46.17161438131191,68594.30886055071,41.91873480684801
112.81557873381097,99.83475113929497,92.09945210965759,116506.13166888375,80.84245181136777
107.47077923742461,93.31133313435576,69.45954272532853,434336.3524495201,89.05392453289636
127.83765579242564,64.25651995351916,72.89810616558164,463305.43518013624,78.74412843625193
57.04489501625826,42.1248053294072,86.16909037873452,210394.06402059837,77.59889291022077
74.94250531341191,63.617736470823274,27.4071589342191,26260.613662267988,53.63199824194373
160.70504246395558,78.56516180802319,80.7070903866703,20656.52501271688,56.673493416252775
62.419800188768974,11.833619092338733,19.524060295649203,287400.9831684362,51.2933929370644
140.47281641995824,40.99048896962883,34.53419522448878,197054.65933769633,44.41557494112845
86.80236645219814,83.98022856356172,33.56104542698427,15297.561361249604,58.66678697478665
108.39434210629648,38.3832951933044,97.85254683891405,292042.9437639658,73.79403137660452
93.30406051560499,57.18722712271865,85.65372237479268,6639.965757922213,64.52347103402852
103.35090746974237,58.77693608621982,70.11698615902597,393898.6071164872,77.69292553544963
157.85688577763682,18.447625313363936,72.70567616153902,153909.9785289824,43.47011221339264
94.56825734347626,36.22354416522884,56.20727944025711,21088.74350160682,49.87003278803087
134.9606960445346,33.451128874193216,94.70906671085191,294587.75827059353,66.1853073801363
121.40756032986495,2.6196708532064794,49.62587528823615,199444.5228020943,41.364377916564514
149.5506748043972,2.4191763891355245,38.05177098698945,486926.4062652176,46.577469565218934
190.5244608987137,83.16970436757735,16.3035336931591,272555.13258934737,45.364835867945565
159.88581458153755,27.30708099728124,78.6205652261058,138344.35133746715,46.71834851758196
82.24105678861352,51.80787662388154,73.44439320755914,355009.9934523534,78.87796926432716
54.6774702591927,29.872557358877305,38.43550385241349,136474.50926881295,56.38064977498934
89.33960664497377,94.06792451153404,2.519341395922936,452217.40241237497,73.71912856386109
139.2616896050382,25.929675886577375,83.89973277180107,187986.26328318083,54.49579784066493
57.71387202263755,42.96568127389351,1.1417983454073632,275384.4128253264,55.45869012252906
124.45493708018545,87.27302504846018,70.3699779629051,26235.9788082902,63.713712427787
139.5264273375334,84.19335667918087,97.02571097260571,213634.49773816316,77.14215971493745
100.13658362254412,18.610141784627732,43.766132814820345,416349.4062908365,59.503035969867426
165.6368305618733,80.26433097957104,23.497340499595275,403018.75387630763,58.15207302519062
65.98973797006578,45.81868867378927,70.48710100433817,112934.9608679096,67.34053735282055
61.27066726037131,48.29688720853552,81.71281420155852,113813.45643427077,72.43944979266749
159.22831343054048,13.347997241594378,54.64303160778473,408835.35079440515,48.993413508425895
124.32369743092977,8.060151375712465,96.70352752561462,465268.8116644934,69.82780476743685
153.2603594641604,72.79393069737652,5.166872165796111,48585.099715228775,35.16542395188115
115.22410079056193,49.646115235529976,50.479559830452814,225579.26107368642,58.27184541536677
86.96030498586603,43.68507026151796,71.845394732255,169389.68520315026,65.7365627611162
172.86534765112995,72.95082286523967,86.2640471149179,435473.53927326226,74.9650684274844
169.91238184534689,76.55128989911097,17.925561190779003,42678.93242532937,36.49452557916408
154.20447062816402,15.890816766935355,80.00034817636814,106351.84533646067,43.24404762418128
90.8217705844944,61.02251494776413,55.27070757185453,376481.7004556607,75.54769766176976
138.53460003036307,13.535408227768553,39.65536819899632,26595.630641626576,29.580094454038175
104.14608454100403,75.13750860290457,13.171502857909356,246775.15497643035,58.00224427886489
63.73731099899512,65.69551562671396,86.52957589089124,221611.4103051803,84.00063577074154
187.5970363193364,95.6614621083458,15.727320817971535,167866.18831538557,44.2905370297972
70.52279463784421,6.895801635642118,30.978785920909925,197891.58534414298,47.15239660660392
192.53560307312037,5.705472115125431,29.004553196243688,265440.3528781862,25.177904622695973
116.90086594369336,28.218707469320016,87.14140341908544,81522.31183580318,55.30397566957312
200.0,0.0,0.0,0.0,0.0
50.0,100.0,100.0,500000.0,100.0
